AULA F75 75% Wireless Mechanical Keyboard | Hot Swappable | Pre-lubed Linear Switches | RGB Backlit | 2.4GHz/Type-C/Bluetooth Gaming Keyboard (Thunder Black Graywood Switch),5997.,4.5 out of 5 stars,919 ratings,In stock,
NA,NA,NA,NA,NA,
NA,NA,NA,NA,NA,
AULA F75 75% Wireless Mechanical Keyboard | Hot Swappable | Pre-lubed Linear Switches | RGB Backlit | 2.4GHz/Type-C/Bluetooth Gaming Keyboard (Thunder Black Graywood Switch),NA,4.5 out of 5 stars,919 ratings,In stock,
NA,NA,NA,NA,NA,
NA,NA,NA,NA,NA,
NA,NA,NA,NA,NA,
NA,NA,NA,NA,NA,
NA,NA,NA,NA,NA,
AULA F75 75% Wireless Mechanical Keyboard | Hot Swappable | Pre-lubed Linear Switches | RGB Backlit | 2.4GHz/Type-C/Bluetooth Gaming Keyboard (Thunder Black Graywood Switch),5997.,4.5 out of 5 stars,919 ratings,In stock,
Logitech G PRO X Superlight 2 Lightspeed Wireless Gaming Mouse Lightweight LIGHTFORCE Hybrid Switches Hero 2 Sensor 32000 DPI 5 Programmable Buttons USB-C Charging PC & Mac - Black,14995.,4.4 out of 5 stars,110 ratings,In stock,
NA,NA,NA,NA,NA,
NA,NA,NA,NA,NA,
NA,NA,NA,NA,NA,
NA,NA,NA,NA,NA,
NA,NA,NA,NA,NA,
Logitech G PRO X Superlight 2 Lightspeed Wireless Gaming Mouse Lightweight LIGHTFORCE Hybrid Switches Hero 2 Sensor 32000 DPI 5 Programmable Buttons USB-C Charging PC & Mac - Black,14995.,4.4 out of 5 stars,110 ratings,In stock,
NA,NA,NA,NA,NA,
